student_code,snapshot_id,cutoff_date,outcome_date,grado,seccion_codigo,promedio_general,cursos_desaprobados,asistencia_general,frecuencia_acceso_lms,tiempo_interaccion_lms,actividades_realizadas,recursos_consultados,target_desercion,target_label,split,data_mode,dataset_version
EST-0002,EST-0002-T1,2026-07-31,2026-12-15,1,1A,16.69,0,95.8,5.74,11.08,14,9,1,deserta,holdout,synthetic_scientific,BLENKIR_V6_SYNTH_20260924
EST-0002,EST-0002-T2,2026-09-21,2026-12-15,1,1A,15.62,0,92.13,5.62,11.54,13,9,1,deserta,holdout,synthetic_scientific,BLENKIR_V6_SYNTH_20260924
EST-0003,EST-0003-T1,2026-07-31,2026-12-15,1,1A,16.09,0,97.02,8.46,20.25,16,12,0,permanece,train,synthetic_scientific,BLENKIR_V6_SYNTH_20260924
EST-0003,EST-0003-T2,2026-09-21,2026-12-15,1,1A,16.18,0,96.65,9.14,20.23,18,13,0,permanece,train,synthetic_scientific,BLENKIR_V6_SYNTH_20260924
EST-0004,EST-0004-T1,2026-07-31,2026-12-15,1,1A,15.72,0,91.91,5.33,13.31,15,8,0,permanece,validation,synthetic_scientific,BLENKIR_V6_SYNTH_20260924
EST-0004,EST-0004-T2,2026-09-21,2026-12-15,1,1A,16.29,0,91.66,6.04,10.21,13,9,0,permanece,validation,synthetic_scientific,BLENKIR_V6_SYNTH_20260924
EST-0005,EST-0005-T1,2026-07-31,2026-12-15,1,1A,12.75,0,92.19,9.87,18.26,21,15,0,permanece,train,synthetic_scientific,BLENKIR_V6_SYNTH_20260924
EST-0005,EST-0005-T2,2026-09-21,2026-12-15,1,1A,12.55,0,89.47,10.08,18.94,20,15,0,permanece,train,synthetic_scientific,BLENKIR_V6_SYNTH_20260924
EST-0006,EST-0006-T1,2026-07-31,2026-12-15,1,1A,17.04,0,89.01,8.28,12.53,17,11,0,permanece,train,synthetic_scientific,BLENKIR_V6_SYNTH_20260924
EST-0006,EST-0006-T2,2026-09-21,2026-12-15,1,1A,16.59,0,86.7,8.0,14.45,16,12,0,permanece,train,synthetic_scientific,BLENKIR_V6_SYNTH_20260924
EST-0007,EST-0007-T1,2026-07-31,2026-12-15,1,1A,15.6,0,98.36,9.02,15.63,14,16,0,permanece,train,synthetic_scientific,BLENKIR_V6_SYNTH_20260924
EST-0007,EST-0007-T2,2026-09-21,2026-12-15,1,1A,15.69,0,94.65,9.64,17.77,18,15,0,permanece,train,synthetic_scientific,BLENKIR_V6_SYNTH_20260924
EST-0008,EST-0008-T1,2026-07-31,2026-12-15,1,1A,16.58,0,90.38,6.87,12.16,12,8,1,deserta,train,synthetic_scientific,BLENKIR_V6_SYNTH_20260924
EST-0008,EST-0008-T2,2026-09-21,2026-12-15,1,1A,15.05,0,88.37,6.46,11.69,11,9,1,deserta,train,synthetic_scientific,BLENKIR_V6_SYNTH_20260924
EST-0009,EST-0009-T1,2026-07-31,2026-12-15,1,1A,16.94,0,97.75,7.03,13.63,13,10,0,permanece,train,synthetic_scientific,BLENKIR_V6_SYNTH_20260924
EST-0009,EST-0009-T2,2026-09-21,2026-12-15,1,1A,16.52,0,99.2,7.27,12.83,16,9,0,permanece,train,synthetic_scientific,BLENKIR_V6_SYNTH_20260924
EST-0011,EST-0011-T1,2026-07-31,2026-12-15,1,1A,15.65,0,90.21,8.84,13.28,13,10,0,permanece,train,synthetic_scientific,BLENKIR_V6_SYNTH_20260924
EST-0011,EST-0011-T2,2026-09-21,2026-12-15,1,1A,14.83,0,87.29,6.68,12.16,13,11,0,permanece,train,synthetic_scientific,BLENKIR_V6_SYNTH_20260924
EST-0012,EST-0012-T1,2026-07-31,2026-12-15,1,1A,14.59,0,94.91,4.15,12.92,15,9,1,deserta,train,synthetic_scientific,BLENKIR_V6_SYNTH_20260924
EST-0012,EST-0012-T2,2026-09-21,2026-12-15,1,1A,14.09,0,92.39,5.75,8.98,12,10,1,deserta,train,synthetic_scientific,BLENKIR_V6_SYNTH_20260924
EST-0013,EST-0013-T1,2026-07-31,2026-12-15,1,1B,13.72,0,87.73,5.48,12.32,14,10,0,permanece,train,synthetic_scientific,BLENKIR_V6_SYNTH_20260924
EST-0013,EST-0013-T2,2026-09-21,2026-12-15,1,1B,12.42,0,88.22,5.87,11.28,13,9,0,permanece,train,synthetic_scientific,BLENKIR_V6_SYNTH_20260924
EST-0014,EST-0014-T1,2026-07-31,2026-12-15,1,1B,16.11,0,94.26,11.54,19.28,16,13,0,permanece,train,synthetic_scientific,BLENKIR_V6_SYNTH_20260924
EST-0014,EST-0014-T2,2026-09-21,2026-12-15,1,1B,16.31,0,96.12,10.77,19.32,17,12,0,permanece,train,synthetic_scientific,BLENKIR_V6_SYNTH_20260924
EST-0015,EST-0015-T1,2026-07-31,2026-12-15,1,1B,16.13,0,91.27,6.83,10.99,13,9,0,permanece,train,synthetic_scientific,BLENKIR_V6_SYNTH_20260924
EST-0015,EST-0015-T2,2026-09-21,2026-12-15,1,1B,16.35,0,88.35,6.93,13.07,14,9,0,permanece,train,synthetic_scientific,BLENKIR_V6_SYNTH_20260924
EST-0016,EST-0016-T1,2026-07-31,2026-12-15,1,1B,12.69,0,89.78,7.94,9.59,14,9,1,deserta,holdout,synthetic_scientific,BLENKIR_V6_SYNTH_20260924
EST-0016,EST-0016-T2,2026-09-21,2026-12-15,1,1B,11.13,1,88.88,6.85,11.75,11,7,1,deserta,holdout,synthetic_scientific,BLENKIR_V6_SYNTH_20260924
EST-0017,EST-0017-T1,2026-07-31,2026-12-15,1,1B,14.58,0,94.65,9.76,16.18,12,11,0,permanece,train,synthetic_scientific,BLENKIR_V6_SYNTH_20260924
EST-0017,EST-0017-T2,2026-09-21,2026-12-15,1,1B,14.96,0,95.77,9.08,14.92,14,12,0,permanece,train,synthetic_scientific,BLENKIR_V6_SYNTH_20260924
EST-0018,EST-0018-T1,2026-07-31,2026-12-15,1,1B,16.63,0,96.99,7.54,20.37,14,14,1,deserta,train,synthetic_scientific,BLENKIR_V6_SYNTH_20260924
EST-0018,EST-0018-T2,2026-09-21,2026-12-15,1,1B,14.86,0,92.75,6.92,16.71,14,13,1,deserta,train,synthetic_scientific,BLENKIR_V6_SYNTH_20260924
EST-0020,EST-0020-T1,2026-07-31,2026-12-15,1,1B,18.99,0,99.5,8.44,19.12,18,15,0,permanece,train,synthetic_scientific,BLENKIR_V6_SYNTH_20260924
EST-0020,EST-0020-T2,2026-09-21,2026-12-15,1,1B,19.47,0,99.5,9.5,17.99,19,13,0,permanece,train,synthetic_scientific,BLENKIR_V6_SYNTH_20260924
EST-0021,EST-0021-T1,2026-07-31,2026-12-15,1,1B,14.39,0,95.7,8.52,13.43,13,9,0,permanece,validation,synthetic_scientific,BLENKIR_V6_SYNTH_20260924
EST-0021,EST-0021-T2,2026-09-21,2026-12-15,1,1B,13.77,0,95.13,7.5,13.22,13,9,0,permanece,validation,synthetic_scientific,BLENKIR_V6_SYNTH_20260924
EST-0022,EST-0022-T1,2026-07-31,2026-12-15,1,1B,17.56,0,91.06,8.59,18.31,14,13,1,deserta,train,synthetic_scientific,BLENKIR_V6_SYNTH_20260924
EST-0022,EST-0022-T2,2026-09-21,2026-12-15,1,1B,16.53,0,92.74,8.49,16.95,17,12,1,deserta,train,synthetic_scientific,BLENKIR_V6_SYNTH_20260924
EST-0023,EST-0023-T1,2026-07-31,2026-12-15,1,1B,18.0,0,97.59,9.47,11.39,15,13,0,permanece,train,synthetic_scientific,BLENKIR_V6_SYNTH_20260924
EST-0023,EST-0023-T2,2026-09-21,2026-12-15,1,1B,17.37,0,93.36,7.59,13.03,14,12,0,permanece,train,synthetic_scientific,BLENKIR_V6_SYNTH_20260924
EST-0024,EST-0024-T1,2026-07-31,2026-12-15,1,1B,16.05,0,92.24,6.78,10.41,10,7,0,permanece,validation,synthetic_scientific,BLENKIR_V6_SYNTH_20260924
EST-0024,EST-0024-T2,2026-09-21,2026-12-15,1,1B,15.34,0,92.45,6.09,10.35,9,7,0,permanece,validation,synthetic_scientific,BLENKIR_V6_SYNTH_20260924
EST-0025,EST-0025-T1,2026-07-31,2026-12-15,1,1C,13.71,0,90.21,5.64,16.24,14,12,0,permanece,holdout,synthetic_scientific,BLENKIR_V6_SYNTH_20260924
EST-0025,EST-0025-T2,2026-09-21,2026-12-15,1,1C,12.86,0,89.93,5.91,13.67,13,10,0,permanece,holdout,synthetic_scientific,BLENKIR_V6_SYNTH_20260924
EST-0026,EST-0026-T1,2026-07-31,2026-12-15,1,1C,17.91,0,90.2,8.89,22.53,14,13,0,permanece,holdout,synthetic_scientific,BLENKIR_V6_SYNTH_20260924
EST-0026,EST-0026-T2,2026-09-21,2026-12-15,1,1C,17.2,0,90.89,8.65,19.41,15,14,0,permanece,holdout,synthetic_scientific,BLENKIR_V6_SYNTH_20260924
EST-0027,EST-0027-T1,2026-07-31,2026-12-15,1,1C,15.02,0,90.99,4.05,11.18,16,10,0,permanece,holdout,synthetic_scientific,BLENKIR_V6_SYNTH_20260924
EST-0027,EST-0027-T2,2026-09-21,2026-12-15,1,1C,16.25,0,88.11,5.02,10.02,14,9,0,permanece,holdout,synthetic_scientific,BLENKIR_V6_SYNTH_20260924
EST-0029,EST-0029-T1,2026-07-31,2026-12-15,1,1C,12.11,0,93.85,8.04,11.17,10,8,0,permanece,holdout,synthetic_scientific,BLENKIR_V6_SYNTH_20260924
EST-0029,EST-0029-T2,2026-09-21,2026-12-15,1,1C,12.1,0,94.9,6.48,12.27,10,7,0,permanece,holdout,synthetic_scientific,BLENKIR_V6_SYNTH_20260924
EST-0030,EST-0030-T1,2026-07-31,2026-12-15,1,1C,15.32,0,92.62,2.74,9.35,9,7,0,permanece,validation,synthetic_scientific,BLENKIR_V6_SYNTH_20260924
EST-0030,EST-0030-T2,2026-09-21,2026-12-15,1,1C,15.27,0,93.04,5.11,8.46,9,8,0,permanece,validation,synthetic_scientific,BLENKIR_V6_SYNTH_20260924
EST-0031,EST-0031-T1,2026-07-31,2026-12-15,1,1C,15.88,0,96.48,11.21,22.85,18,12,0,permanece,train,synthetic_scientific,BLENKIR_V6_SYNTH_20260924
EST-0031,EST-0031-T2,2026-09-21,2026-12-15,1,1C,15.88,0,95.8,9.93,21.56,18,13,0,permanece,train,synthetic_scientific,BLENKIR_V6_SYNTH_20260924
EST-0032,EST-0032-T1,2026-07-31,2026-12-15,1,1C,17.51,0,89.82,8.15,15.36,16,10,1,deserta,holdout,synthetic_scientific,BLENKIR_V6_SYNTH_20260924
EST-0032,EST-0032-T2,2026-09-21,2026-12-15,1,1C,16.7,0,92.12,7.46,15.8,16,12,1,deserta,holdout,synthetic_scientific,BLENKIR_V6_SYNTH_20260924
EST-0033,EST-0033-T1,2026-07-31,2026-12-15,1,1C,11.03,1,97.92,7.18,13.31,15,10,0,permanece,train,synthetic_scientific,BLENKIR_V6_SYNTH_20260924
EST-0033,EST-0033-T2,2026-09-21,2026-12-15,1,1C,10.22,1,97.44,7.04,12.31,12,9,0,permanece,train,synthetic_scientific,BLENKIR_V6_SYNTH_20260924
EST-0034,EST-0034-T1,2026-07-31,2026-12-15,1,1C,19.37,0,99.5,7.02,12.59,15,8,0,permanece,holdout,synthetic_scientific,BLENKIR_V6_SYNTH_20260924
EST-0034,EST-0034-T2,2026-09-21,2026-12-15,1,1C,19.5,0,97.78,7.25,14.52,13,9,0,permanece,holdout,synthetic_scientific,BLENKIR_V6_SYNTH_20260924
EST-0035,EST-0035-T1,2026-07-31,2026-12-15,1,1C,14.23,0,99.11,8.16,14.55,16,11,0,permanece,train,synthetic_scientific,BLENKIR_V6_SYNTH_20260924
EST-0035,EST-0035-T2,2026-09-21,2026-12-15,1,1C,14.16,0,99.5,6.54,13.84,13,10,0,permanece,train,synthetic_scientific,BLENKIR_V6_SYNTH_20260924
EST-0036,EST-0036-T1,2026-07-31,2026-12-15,1,1D,16.49,0,92.93,7.4,9.05,13,11,1,deserta,train,synthetic_scientific,BLENKIR_V6_SYNTH_20260924
EST-0036,EST-0036-T2,2026-09-21,2026-12-15,1,1D,15.33,0,89.76,6.77,9.28,11,11,1,deserta,train,synthetic_scientific,BLENKIR_V6_SYNTH_20260924
EST-0038,EST-0038-T1,2026-07-31,2026-12-15,1,1D,11.42,0,91.63,10.53,19.82,13,15,0,permanece,validation,synthetic_scientific,BLENKIR_V6_SYNTH_20260924
EST-0038,EST-0038-T2,2026-09-21,2026-12-15,1,1D,11.86,0,93.26,9.35,17.98,16,14,0,permanece,validation,synthetic_scientific,BLENKIR_V6_SYNTH_20260924
EST-0039,EST-0039-T1,2026-07-31,2026-12-15,1,1D,13.55,0,88.06,6.94,15.29,14,11,0,permanece,train,synthetic_scientific,BLENKIR_V6_SYNTH_20260924
EST-0039,EST-0039-T2,2026-09-21,2026-12-15,1,1D,12.92,0,86.2,6.75,11.43,13,10,0,permanece,train,synthetic_scientific,BLENKIR_V6_SYNTH_20260924
EST-0040,EST-0040-T1,2026-07-31,2026-12-15,1,1D,15.58,0,90.92,7.98,19.07,12,10,0,permanece,train,synthetic_scientific,BLENKIR_V6_SYNTH_20260924
EST-0040,EST-0040-T2,2026-09-21,2026-12-15,1,1D,15.5,0,89.11,6.79,13.84,12,9,0,permanece,train,synthetic_scientific,BLENKIR_V6_SYNTH_20260924
EST-0041,EST-0041-T1,2026-07-31,2026-12-15,1,1D,15.37,0,93.24,8.48,17.34,18,13,0,permanece,train,synthetic_scientific,BLENKIR_V6_SYNTH_20260924
EST-0041,EST-0041-T2,2026-09-21,2026-12-15,1,1D,13.92,0,86.3,8.49,17.51,16,12,0,permanece,train,synthetic_scientific,BLENKIR_V6_SYNTH_20260924
EST-0042,EST-0042-T1,2026-07-31,2026-12-15,1,1D,17.1,0,99.5,10.5,14.36,19,12,0,permanece,train,synthetic_scientific,BLENKIR_V6_SYNTH_20260924
EST-0042,EST-0042-T2,2026-09-21,2026-12-15,1,1D,15.72,0,99.27,8.79,14.97,17,11,0,permanece,train,synthetic_scientific,BLENKIR_V6_SYNTH_20260924
EST-0043,EST-0043-T1,2026-07-31,2026-12-15,1,1D,14.43,0,95.24,6.3,13.78,16,10,0,permanece,holdout,synthetic_scientific,BLENKIR_V6_SYNTH_20260924
EST-0043,EST-0043-T2,2026-09-21,2026-12-15,1,1D,13.42,0,90.11,6.52,13.87,16,9,0,permanece,holdout,synthetic_scientific,BLENKIR_V6_SYNTH_20260924
EST-0044,EST-0044-T1,2026-07-31,2026-12-15,1,1D,16.74,0,89.25,8.7,10.08,12,12,0,permanece,train,synthetic_scientific,BLENKIR_V6_SYNTH_20260924
EST-0044,EST-0044-T2,2026-09-21,2026-12-15,1,1D,17.01,0,91.03,7.31,11.95,13,11,0,permanece,train,synthetic_scientific,BLENKIR_V6_SYNTH_20260924
EST-0045,EST-0045-T1,2026-07-31,2026-12-15,1,1D,15.53,0,88.18,9.19,15.68,16,13,0,permanece,validation,synthetic_scientific,BLENKIR_V6_SYNTH_20260924
EST-0045,EST-0045-T2,2026-09-21,2026-12-15,1,1D,14.55,0,87.02,8.85,17.06,15,12,0,permanece,validation,synthetic_scientific,BLENKIR_V6_SYNTH_20260924
EST-0047,EST-0047-T1,2026-07-31,2026-12-15,2,2A,14.57,0,94.7,7.76,8.41,12,13,1,deserta,validation,synthetic_scientific,BLENKIR_V6_SYNTH_20260924
EST-0047,EST-0047-T2,2026-09-21,2026-12-15,2,2A,13.45,0,90.82,6.28,10.24,11,11,1,deserta,validation,synthetic_scientific,BLENKIR_V6_SYNTH_20260924
EST-0048,EST-0048-T1,2026-07-31,2026-12-15,2,2A,13.85,0,97.77,6.44,14.71,12,13,1,deserta,validation,synthetic_scientific,BLENKIR_V6_SYNTH_20260924
EST-0048,EST-0048-T2,2026-09-21,2026-12-15,2,2A,13.53,0,96.2,5.91,12.24,14,11,1,deserta,validation,synthetic_scientific,BLENKIR_V6_SYNTH_20260924
EST-0049,EST-0049-T1,2026-07-31,2026-12-15,2,2A,17.33,0,88.08,5.65,11.97,13,12,1,deserta,holdout,synthetic_scientific,BLENKIR_V6_SYNTH_20260924
EST-0049,EST-0049-T2,2026-09-21,2026-12-15,2,2A,15.78,0,90.14,6.5,11.72,12,10,1,deserta,holdout,synthetic_scientific,BLENKIR_V6_SYNTH_20260924
EST-0050,EST-0050-T1,2026-07-31,2026-12-15,2,2A,13.49,0,97.76,8.41,14.56,18,9,0,permanece,train,synthetic_scientific,BLENKIR_V6_SYNTH_20260924
EST-0050,EST-0050-T2,2026-09-21,2026-12-15,2,2A,13.48,0,95.21,7.77,13.96,15,9,0,permanece,train,synthetic_scientific,BLENKIR_V6_SYNTH_20260924
EST-0051,EST-0051-T1,2026-07-31,2026-12-15,2,2A,14.51,0,94.9,5.99,8.07,11,8,0,permanece,train,synthetic_scientific,BLENKIR_V6_SYNTH_20260924
EST-0051,EST-0051-T2,2026-09-21,2026-12-15,2,2A,13.67,0,96.08,6.01,8.18,11,9,0,permanece,train,synthetic_scientific,BLENKIR_V6_SYNTH_20260924
EST-0052,EST-0052-T1,2026-07-31,2026-12-15,2,2A,15.41,0,98.18,5.36,10.02,12,10,1,deserta,train,synthetic_scientific,BLENKIR_V6_SYNTH_20260924
EST-0052,EST-0052-T2,2026-09-21,2026-12-15,2,2A,14.36,0,95.74,4.59,7.14,10,8,1,deserta,train,synthetic_scientific,BLENKIR_V6_SYNTH_20260924
EST-0053,EST-0053-T1,2026-07-31,2026-12-15,2,2A,14.24,0,91.17,4.92,7.97,13,10,1,deserta,train,synthetic_scientific,BLENKIR_V6_SYNTH_20260924
EST-0053,EST-0053-T2,2026-09-21,2026-12-15,2,2A,13.23,0,92.02,4.93,9.45,11,9,1,deserta,train,synthetic_scientific,BLENKIR_V6_SYNTH_20260924
EST-0054,EST-0054-T1,2026-07-31,2026-12-15,2,2A,16.8,0,99.31,11.07,21.28,16,16,0,permanece,train,synthetic_scientific,BLENKIR_V6_SYNTH_20260924
EST-0054,EST-0054-T2,2026-09-21,2026-12-15,2,2A,16.84,0,99.5,10.66,18.25,16,14,0,permanece,train,synthetic_scientific,BLENKIR_V6_SYNTH_20260924
EST-0056,EST-0056-T1,2026-07-31,2026-12-15,2,2A,15.38,0,99.5,6.95,15.76,14,8,0,permanece,train,synthetic_scientific,BLENKIR_V6_SYNTH_20260924
EST-0056,EST-0056-T2,2026-09-21,2026-12-15,2,2A,14.99,0,99.5,6.9,14.89,15,9,0,permanece,train,synthetic_scientific,BLENKIR_V6_SYNTH_20260924
EST-0057,EST-0057-T1,2026-07-31,2026-12-15,2,2A,15.91,0,85.97,5.32,7.67,11,11,1,deserta,train,synthetic_scientific,BLENKIR_V6_SYNTH_20260924
EST-0057,EST-0057-T2,2026-09-21,2026-12-15,2,2A,14.86,0,85.86,5.56,10.28,11,9,1,deserta,train,synthetic_scientific,BLENKIR_V6_SYNTH_20260924
EST-0058,EST-0058-T1,2026-07-31,2026-12-15,2,2A,14.93,0,94.39,7.0,8.68,13,12,1,deserta,validation,synthetic_scientific,BLENKIR_V6_SYNTH_20260924
EST-0058,EST-0058-T2,2026-09-21,2026-12-15,2,2A,13.18,0,91.75,7.92,13.71,13,12,1,deserta,validation,synthetic_scientific,BLENKIR_V6_SYNTH_20260924
EST-0059,EST-0059-T1,2026-07-31,2026-12-15,2,2B,16.68,0,93.64,7.35,13.38,19,12,0,permanece,validation,synthetic_scientific,BLENKIR_V6_SYNTH_20260924
EST-0059,EST-0059-T2,2026-09-21,2026-12-15,2,2B,15.42,0,92.05,7.95,13.18,16,12,0,permanece,validation,synthetic_scientific,BLENKIR_V6_SYNTH_20260924
EST-0060,EST-0060-T1,2026-07-31,2026-12-15,2,2B,16.57,0,94.51,10.54,17.59,15,16,0,permanece,holdout,synthetic_scientific,BLENKIR_V6_SYNTH_20260924
EST-0060,EST-0060-T2,2026-09-21,2026-12-15,2,2B,16.77,0,95.85,9.98,19.66,15,15,0,permanece,holdout,synthetic_scientific,BLENKIR_V6_SYNTH_20260924
EST-0061,EST-0061-T1,2026-07-31,2026-12-15,2,2B,14.16,0,95.88,10.34,14.48,16,13,0,permanece,train,synthetic_scientific,BLENKIR_V6_SYNTH_20260924
EST-0061,EST-0061-T2,2026-09-21,2026-12-15,2,2B,15.04,0,96.98,9.08,18.44,16,13,0,permanece,train,synthetic_scientific,BLENKIR_V6_SYNTH_20260924
EST-0062,EST-0062-T1,2026-07-31,2026-12-15,2,2B,13.69,0,86.52,5.15,14.21,14,9,0,permanece,train,synthetic_scientific,BLENKIR_V6_SYNTH_20260924
EST-0062,EST-0062-T2,2026-09-21,2026-12-15,2,2B,14.46,0,89.15,5.9,13.29,12,11,0,permanece,train,synthetic_scientific,BLENKIR_V6_SYNTH_20260924
EST-0063,EST-0063-T1,2026-07-31,2026-12-15,2,2B,15.72,0,97.09,6.61,14.1,14,9,0,permanece,validation,synthetic_scientific,BLENKIR_V6_SYNTH_20260924
EST-0063,EST-0063-T2,2026-09-21,2026-12-15,2,2B,14.85,0,95.4,6.42,13.12,15,9,0,permanece,validation,synthetic_scientific,BLENKIR_V6_SYNTH_20260924
EST-0065,EST-0065-T1,2026-07-31,2026-12-15,2,2B,12.02,0,86.81,8.92,23.4,18,16,0,permanece,holdout,synthetic_scientific,BLENKIR_V6_SYNTH_20260924
EST-0065,EST-0065-T2,2026-09-21,2026-12-15,2,2B,11.11,0,86.68,8.8,19.5,17,14,0,permanece,holdout,synthetic_scientific,BLENKIR_V6_SYNTH_20260924
EST-0066,EST-0066-T1,2026-07-31,2026-12-15,2,2B,16.07,0,99.01,8.49,19.49,21,13,0,permanece,train,synthetic_scientific,BLENKIR_V6_SYNTH_20260924
EST-0066,EST-0066-T2,2026-09-21,2026-12-15,2,2B,16.07,0,96.68,9.45,20.99,18,12,0,permanece,train,synthetic_scientific,BLENKIR_V6_SYNTH_20260924
EST-0067,EST-0067-T1,2026-07-31,2026-12-15,2,2B,13.18,0,99.5,7.32,13.37,13,11,0,permanece,train,synthetic_scientific,BLENKIR_V6_SYNTH_20260924
EST-0067,EST-0067-T2,2026-09-21,2026-12-15,2,2B,12.75,0,99.5,6.78,12.46,12,10,0,permanece,train,synthetic_scientific,BLENKIR_V6_SYNTH_20260924
EST-0068,EST-0068-T1,2026-07-31,2026-12-15,2,2B,15.61,0,89.46,6.58,12.71,12,12,0,permanece,holdout,synthetic_scientific,BLENKIR_V6_SYNTH_20260924
EST-0068,EST-0068-T2,2026-09-21,2026-12-15,2,2B,15.23,0,89.82,5.32,10.68,13,11,0,permanece,holdout,synthetic_scientific,BLENKIR_V6_SYNTH_20260924
EST-0069,EST-0069-T1,2026-07-31,2026-12-15,2,2B,15.17,0,88.81,10.15,18.85,16,13,0,permanece,train,synthetic_scientific,BLENKIR_V6_SYNTH_20260924
EST-0069,EST-0069-T2,2026-09-21,2026-12-15,2,2B,14.65,0,87.59,9.02,19.91,19,13,0,permanece,train,synthetic_scientific,BLENKIR_V6_SYNTH_20260924
EST-0070,EST-0070-T1,2026-07-31,2026-12-15,2,2B,16.1,0,93.14,9.1,17.76,10,9,0,permanece,train,synthetic_scientific,BLENKIR_V6_SYNTH_20260924
EST-0070,EST-0070-T2,2026-09-21,2026-12-15,2,2B,16.15,0,96.03,7.45,15.72,13,10,0,permanece,train,synthetic_scientific,BLENKIR_V6_SYNTH_20260924
EST-0071,EST-0071-T1,2026-07-31,2026-12-15,2,2C,13.65,0,99.5,6.4,16.52,16,10,0,permanece,validation,synthetic_scientific,BLENKIR_V6_SYNTH_20260924
EST-0071,EST-0071-T2,2026-09-21,2026-12-15,2,2C,12.32,0,97.45,7.46,16.01,16,10,0,permanece,validation,synthetic_scientific,BLENKIR_V6_SYNTH_20260924
EST-0072,EST-0072-T1,2026-07-31,2026-12-15,2,2C,14.35,0,89.88,8.3,16.51,15,12,0,permanece,train,synthetic_scientific,BLENKIR_V6_SYNTH_20260924
EST-0072,EST-0072-T2,2026-09-21,2026-12-15,2,2C,13.9,0,90.41,7.66,16.52,14,12,0,permanece,train,synthetic_scientific,BLENKIR_V6_SYNTH_20260924
EST-0074,EST-0074-T1,2026-07-31,2026-12-15,2,2C,14.87,0,99.5,5.81,9.32,13,10,0,permanece,train,synthetic_scientific,BLENKIR_V6_SYNTH_20260924
EST-0074,EST-0074-T2,2026-09-21,2026-12-15,2,2C,13.48,0,99.5,6.06,8.39,12,9,0,permanece,train,synthetic_scientific,BLENKIR_V6_SYNTH_20260924
EST-0075,EST-0075-T1,2026-07-31,2026-12-15,2,2C,12.75,0,91.11,8.36,14.29,14,12,1,deserta,train,synthetic_scientific,BLENKIR_V6_SYNTH_20260924
EST-0075,EST-0075-T2,2026-09-21,2026-12-15,2,2C,12.41,0,89.13,7.2,14.4,13,13,1,deserta,train,synthetic_scientific,BLENKIR_V6_SYNTH_20260924
EST-0076,EST-0076-T1,2026-07-31,2026-12-15,2,2C,14.41,0,98.46,11.06,22.65,20,14,0,permanece,holdout,synthetic_scientific,BLENKIR_V6_SYNTH_20260924
EST-0076,EST-0076-T2,2026-09-21,2026-12-15,2,2C,15.38,0,99.5,10.42,19.94,18,14,0,permanece,holdout,synthetic_scientific,BLENKIR_V6_SYNTH_20260924
EST-0077,EST-0077-T1,2026-07-31,2026-12-15,2,2C,17.41,0,92.38,11.45,15.43,15,13,1,deserta,train,synthetic_scientific,BLENKIR_V6_SYNTH_20260924
EST-0077,EST-0077-T2,2026-09-21,2026-12-15,2,2C,15.44,0,88.46,9.9,17.14,15,13,1,deserta,train,synthetic_scientific,BLENKIR_V6_SYNTH_20260924
EST-0078,EST-0078-T1,2026-07-31,2026-12-15,2,2C,14.79,1,98.11,9.2,15.57,16,12,0,permanece,train,synthetic_scientific,BLENKIR_V6_SYNTH_20260924
EST-0078,EST-0078-T2,2026-09-21,2026-12-15,2,2C,15.45,0,99.5,9.01,15.57,15,13,0,permanece,train,synthetic_scientific,BLENKIR_V6_SYNTH_20260924
EST-0079,EST-0079-T1,2026-07-31,2026-12-15,2,2C,14.87,0,99.5,5.95,14.06,14,7,0,permanece,train,synthetic_scientific,BLENKIR_V6_SYNTH_20260924
EST-0079,EST-0079-T2,2026-09-21,2026-12-15,2,2C,14.88,0,99.5,6.1,12.38,13,8,0,permanece,train,synthetic_scientific,BLENKIR_V6_SYNTH_20260924
EST-0080,EST-0080-T1,2026-07-31,2026-12-15,2,2C,14.67,0,84.63,7.52,12.01,18,11,1,deserta,train,synthetic_scientific,BLENKIR_V6_SYNTH_20260924
EST-0080,EST-0080-T2,2026-09-21,2026-12-15,2,2C,13.55,0,84.26,6.8,13.6,16,9,1,deserta,train,synthetic_scientific,BLENKIR_V6_SYNTH_20260924
EST-0081,EST-0081-T1,2026-07-31,2026-12-15,2,2C,16.18,0,99.5,8.28,20.41,17,18,0,permanece,holdout,synthetic_scientific,BLENKIR_V6_SYNTH_20260924
EST-0081,EST-0081-T2,2026-09-21,2026-12-15,2,2C,15.35,0,99.5,8.38,18.65,18,14,0,permanece,holdout,synthetic_scientific,BLENKIR_V6_SYNTH_20260924
EST-0083,EST-0083-T1,2026-07-31,2026-12-15,2,2D,15.13,0,92.38,10.71,18.94,18,14,0,permanece,holdout,synthetic_scientific,BLENKIR_V6_SYNTH_20260924
EST-0083,EST-0083-T2,2026-09-21,2026-12-15,2,2D,16.47,0,94.95,10.18,17.69,19,13,0,permanece,holdout,synthetic_scientific,BLENKIR_V6_SYNTH_20260924
EST-0084,EST-0084-T1,2026-07-31,2026-12-15,2,2D,16.15,0,99.5,6.12,14.04,14,11,1,deserta,validation,synthetic_scientific,BLENKIR_V6_SYNTH_20260924
EST-0084,EST-0084-T2,2026-09-21,2026-12-15,2,2D,14.63,0,99.5,6.22,11.25,14,10,1,deserta,validation,synthetic_scientific,BLENKIR_V6_SYNTH_20260924
EST-0085,EST-0085-T1,2026-07-31,2026-12-15,2,2D,16.0,0,93.55,4.6,13.27,14,7,1,deserta,train,synthetic_scientific,BLENKIR_V6_SYNTH_20260924
EST-0085,EST-0085-T2,2026-09-21,2026-12-15,2,2D,15.13,0,94.2,5.43,11.46,14,8,1,deserta,train,synthetic_scientific,BLENKIR_V6_SYNTH_20260924
EST-0086,EST-0086-T1,2026-07-31,2026-12-15,2,2D,17.32,0,96.66,6.78,13.97,14,11,0,permanece,train,synthetic_scientific,BLENKIR_V6_SYNTH_20260924
EST-0086,EST-0086-T2,2026-09-21,2026-12-15,2,2D,15.62,0,95.9,6.21,13.4,14,8,0,permanece,train,synthetic_scientific,BLENKIR_V6_SYNTH_20260924
EST-0087,EST-0087-T1,2026-07-31,2026-12-15,2,2D,14.78,0,91.76,7.32,9.0,12,7,1,deserta,train,synthetic_scientific,BLENKIR_V6_SYNTH_20260924
EST-0087,EST-0087-T2,2026-09-21,2026-12-15,2,2D,15.51,0,91.27,6.53,9.2,12,7,1,deserta,train,synthetic_scientific,BLENKIR_V6_SYNTH_20260924
EST-0088,EST-0088-T1,2026-07-31,2026-12-15,2,2D,16.65,0,99.5,4.97,8.99,8,9,0,permanece,train,synthetic_scientific,BLENKIR_V6_SYNTH_20260924
EST-0088,EST-0088-T2,2026-09-21,2026-12-15,2,2D,17.01,0,99.23,5.82,11.38,10,8,0,permanece,train,synthetic_scientific,BLENKIR_V6_SYNTH_20260924
EST-0089,EST-0089-T1,2026-07-31,2026-12-15,2,2D,17.37,0,99.5,7.4,15.03,13,13,0,permanece,train,synthetic_scientific,BLENKIR_V6_SYNTH_20260924
EST-0089,EST-0089-T2,2026-09-21,2026-12-15,2,2D,17.0,0,99.5,7.53,15.64,15,13,0,permanece,train,synthetic_scientific,BLENKIR_V6_SYNTH_20260924
EST-0090,EST-0090-T1,2026-07-31,2026-12-15,2,2D,16.68,0,91.23,5.58,10.7,14,10,0,permanece,train,synthetic_scientific,BLENKIR_V6_SYNTH_20260924
EST-0090,EST-0090-T2,2026-09-21,2026-12-15,2,2D,16.28,0,93.98,5.86,12.73,15,8,0,permanece,train,synthetic_scientific,BLENKIR_V6_SYNTH_20260924
EST-0091,EST-0091-T1,2026-07-31,2026-12-15,2,2D,12.4,0,91.58,9.88,14.12,18,8,1,deserta,train,synthetic_scientific,BLENKIR_V6_SYNTH_20260924
EST-0091,EST-0091-T2,2026-09-21,2026-12-15,2,2D,11.86,0,89.95,9.05,17.81,17,10,1,deserta,train,synthetic_scientific,BLENKIR_V6_SYNTH_20260924
EST-0092,EST-0092-T1,2026-07-31,2026-12-15,2,2D,16.23,1,96.72,7.97,17.26,17,14,0,permanece,holdout,synthetic_scientific,BLENKIR_V6_SYNTH_20260924
EST-0092,EST-0092-T2,2026-09-21,2026-12-15,2,2D,17.15,0,93.0,8.11,14.29,16,13,0,permanece,holdout,synthetic_scientific,BLENKIR_V6_SYNTH_20260924
EST-0094,EST-0094-T1,2026-07-31,2026-12-15,3,3A,15.41,0,95.01,10.83,16.86,14,10,0,permanece,train,synthetic_scientific,BLENKIR_V6_SYNTH_20260924
EST-0094,EST-0094-T2,2026-09-21,2026-12-15,3,3A,14.82,0,92.66,9.68,16.04,16,11,0,permanece,train,synthetic_scientific,BLENKIR_V6_SYNTH_20260924
EST-0095,EST-0095-T1,2026-07-31,2026-12-15,3,3A,12.91,0,83.97,9.19,13.52,14,12,0,permanece,holdout,synthetic_scientific,BLENKIR_V6_SYNTH_20260924
EST-0095,EST-0095-T2,2026-09-21,2026-12-15,3,3A,12.75,0,83.85,7.69,16.71,14,12,0,permanece,holdout,synthetic_scientific,BLENKIR_V6_SYNTH_20260924
EST-0096,EST-0096-T1,2026-07-31,2026-12-15,3,3A,13.15,0,94.72,7.83,19.05,19,13,0,permanece,holdout,synthetic_scientific,BLENKIR_V6_SYNTH_20260924
EST-0096,EST-0096-T2,2026-09-21,2026-12-15,3,3A,13.96,0,95.41,9.2,18.75,19,13,0,permanece,holdout,synthetic_scientific,BLENKIR_V6_SYNTH_20260924
EST-0097,EST-0097-T1,2026-07-31,2026-12-15,3,3A,15.79,0,94.13,5.89,8.21,13,8,0,permanece,validation,synthetic_scientific,BLENKIR_V6_SYNTH_20260924
EST-0097,EST-0097-T2,2026-09-21,2026-12-15,3,3A,13.51,0,91.73,4.83,8.01,9,8,0,permanece,validation,synthetic_scientific,BLENKIR_V6_SYNTH_20260924
EST-0098,EST-0098-T1,2026-07-31,2026-12-15,3,3A,17.35,0,90.36,5.9,12.3,10,9,0,permanece,train,synthetic_scientific,BLENKIR_V6_SYNTH_20260924
EST-0098,EST-0098-T2,2026-09-21,2026-12-15,3,3A,16.15,0,89.19,6.14,9.39,12,9,0,permanece,train,synthetic_scientific,BLENKIR_V6_SYNTH_20260924
EST-0099,EST-0099-T1,2026-07-31,2026-12-15,3,3A,16.67,0,95.88,9.92,21.57,19,13,0,permanece,train,synthetic_scientific,BLENKIR_V6_SYNTH_20260924
EST-0099,EST-0099-T2,2026-09-21,2026-12-15,3,3A,16.18,0,95.29,10.62,20.23,19,13,0,permanece,train,synthetic_scientific,BLENKIR_V6_SYNTH_20260924
EST-0100,EST-0100-T1,2026-07-31,2026-12-15,3,3A,14.22,0,94.58,6.02,15.81,13,10,1,deserta,train,synthetic_scientific,BLENKIR_V6_SYNTH_20260924
EST-0100,EST-0100-T2,2026-09-21,2026-12-15,3,3A,14.24,0,95.75,6.55,12.37,11,11,1,deserta,train,synthetic_scientific,BLENKIR_V6_SYNTH_20260924
EST-0101,EST-0101-T1,2026-07-31,2026-12-15,3,3A,18.03,0,91.47,9.2,17.33,13,13,0,permanece,train,synthetic_scientific,BLENKIR_V6_SYNTH_20260924
EST-0101,EST-0101-T2,2026-09-21,2026-12-15,3,3A,17.35,0,92.9,8.06,15.88,14,13,0,permanece,train,synthetic_scientific,BLENKIR_V6_SYNTH_20260924
EST-0102,EST-0102-T1,2026-07-31,2026-12-15,3,3A,15.31,0,92.8,8.88,21.95,15,12,0,permanece,train,synthetic_scientific,BLENKIR_V6_SYNTH_20260924
EST-0102,EST-0102-T2,2026-09-21,2026-12-15,3,3A,15.49,0,93.8,9.05,17.38,14,15,0,permanece,train,synthetic_scientific,BLENKIR_V6_SYNTH_20260924
EST-0103,EST-0103-T1,2026-07-31,2026-12-15,3,3A,16.2,0,83.05,7.64,18.61,14,12,0,permanece,train,synthetic_scientific,BLENKIR_V6_SYNTH_20260924
EST-0103,EST-0103-T2,2026-09-21,2026-12-15,3,3A,16.74,0,82.48,8.59,15.38,13,12,0,permanece,train,synthetic_scientific,BLENKIR_V6_SYNTH_20260924
EST-0105,EST-0105-T1,2026-07-31,2026-12-15,3,3B,16.25,0,91.29,9.48,19.79,16,15,0,permanece,train,synthetic_scientific,BLENKIR_V6_SYNTH_20260924
EST-0105,EST-0105-T2,2026-09-21,2026-12-15,3,3B,15.45,0,92.12,9.18,17.92,16,14,0,permanece,train,synthetic_scientific,BLENKIR_V6_SYNTH_20260924
EST-0106,EST-0106-T1,2026-07-31,2026-12-15,3,3B,16.04,0,91.74,8.97,18.16,15,13,0,permanece,train,synthetic_scientific,BLENKIR_V6_SYNTH_20260924
EST-0106,EST-0106-T2,2026-09-21,2026-12-15,3,3B,16.22,0,91.52,9.37,17.74,15,14,0,permanece,train,synthetic_scientific,BLENKIR_V6_SYNTH_20260924
EST-0107,EST-0107-T1,2026-07-31,2026-12-15,3,3B,15.39,0,92.87,6.53,13.51,12,12,0,permanece,train,synthetic_scientific,BLENKIR_V6_SYNTH_20260924
EST-0107,EST-0107-T2,2026-09-21,2026-12-15,3,3B,15.88,0,94.64,6.59,14.92,14,11,0,permanece,train,synthetic_scientific,BLENKIR_V6_SYNTH_20260924
EST-0108,EST-0108-T1,2026-07-31,2026-12-15,3,3B,18.04,0,97.1,7.68,19.06,15,12,0,permanece,train,synthetic_scientific,BLENKIR_V6_SYNTH_20260924
EST-0108,EST-0108-T2,2026-09-21,2026-12-15,3,3B,17.89,0,93.36,7.21,15.08,15,12,0,permanece,train,synthetic_scientific,BLENKIR_V6_SYNTH_20260924
EST-0109,EST-0109-T1,2026-07-31,2026-12-15,3,3B,11.25,0,96.96,5.61,12.66,13,11,1,deserta,holdout,synthetic_scientific,BLENKIR_V6_SYNTH_20260924
EST-0109,EST-0109-T2,2026-09-21,2026-12-15,3,3B,11.34,0,93.39,7.1,10.56,11,10,1,deserta,holdout,synthetic_scientific,BLENKIR_V6_SYNTH_20260924
EST-0110,EST-0110-T1,2026-07-31,2026-12-15,3,3B,16.26,0,95.26,8.03,12.29,17,13,1,deserta,train,synthetic_scientific,BLENKIR_V6_SYNTH_20260924
EST-0110,EST-0110-T2,2026-09-21,2026-12-15,3,3B,16.67,0,92.55,7.82,14.13,16,10,1,deserta,train,synthetic_scientific,BLENKIR_V6_SYNTH_20260924
EST-0111,EST-0111-T1,2026-07-31,2026-12-15,3,3B,14.81,0,92.86,7.67,22.13,14,14,0,permanece,train,synthetic_scientific,BLENKIR_V6_SYNTH_20260924
EST-0111,EST-0111-T2,2026-09-21,2026-12-15,3,3B,15.68,0,92.62,7.52,18.42,16,12,0,permanece,train,synthetic_scientific,BLENKIR_V6_SYNTH_20260924
EST-0112,EST-0112-T1,2026-07-31,2026-12-15,3,3B,17.76,0,98.69,6.07,14.51,15,11,1,deserta,holdout,synthetic_scientific,BLENKIR_V6_SYNTH_20260924
EST-0112,EST-0112-T2,2026-09-21,2026-12-15,3,3B,15.91,0,98.01,6.56,14.31,15,12,1,deserta,holdout,synthetic_scientific,BLENKIR_V6_SYNTH_20260924
EST-0113,EST-0113-T1,2026-07-31,2026-12-15,3,3B,14.3,0,90.52,4.63,10.85,12,9,1,deserta,train,synthetic_scientific,BLENKIR_V6_SYNTH_20260924
EST-0113,EST-0113-T2,2026-09-21,2026-12-15,3,3B,13.77,0,88.29,6.08,9.98,13,9,1,deserta,train,synthetic_scientific,BLENKIR_V6_SYNTH_20260924
EST-0114,EST-0114-T1,2026-07-31,2026-12-15,3,3B,15.94,0,83.71,7.9,15.69,18,10,0,permanece,train,synthetic_scientific,BLENKIR_V6_SYNTH_20260924
EST-0114,EST-0114-T2,2026-09-21,2026-12-15,3,3B,15.42,0,83.01,8.66,14.54,15,9,0,permanece,train,synthetic_scientific,BLENKIR_V6_SYNTH_20260924
EST-0116,EST-0116-T1,2026-07-31,2026-12-15,3,3B,15.91,0,86.62,6.83,15.52,17,10,1,deserta,train,synthetic_scientific,BLENKIR_V6_SYNTH_20260924
EST-0116,EST-0116-T2,2026-09-21,2026-12-15,3,3B,15.07,0,85.67,7.07,13.41,15,11,1,deserta,train,synthetic_scientific,BLENKIR_V6_SYNTH_20260924
EST-0117,EST-0117-T1,2026-07-31,2026-12-15,3,3C,17.49,0,99.5,11.45,22.21,19,15,0,permanece,train,synthetic_scientific,BLENKIR_V6_SYNTH_20260924
EST-0117,EST-0117-T2,2026-09-21,2026-12-15,3,3C,15.94,0,99.23,10.3,19.7,19,15,0,permanece,train,synthetic_scientific,BLENKIR_V6_SYNTH_20260924
EST-0118,EST-0118-T1,2026-07-31,2026-12-15,3,3C,16.92,0,93.83,9.33,17.13,18,14,0,permanece,train,synthetic_scientific,BLENKIR_V6_SYNTH_20260924
EST-0118,EST-0118-T2,2026-09-21,2026-12-15,3,3C,16.56,0,95.84,10.17,19.72,18,14,0,permanece,train,synthetic_scientific,BLENKIR_V6_SYNTH_20260924
EST-0119,EST-0119-T1,2026-07-31,2026-12-15,3,3C,15.97,0,96.22,8.72,14.23,13,14,0,permanece,train,synthetic_scientific,BLENKIR_V6_SYNTH_20260924
EST-0119,EST-0119-T2,2026-09-21,2026-12-15,3,3C,15.2,0,97.32,8.85,16.02,13,12,0,permanece,train,synthetic_scientific,BLENKIR_V6_SYNTH_20260924
EST-0120,EST-0120-T1,2026-07-31,2026-12-15,3,3C,13.61,0,97.25,8.54,16.56,17,13,0,permanece,train,synthetic_scientific,BLENKIR_V6_SYNTH_20260924
EST-0120,EST-0120-T2,2026-09-21,2026-12-15,3,3C,12.86,0,97.9,9.19,16.65,17,13,0,permanece,train,synthetic_scientific,BLENKIR_V6_SYNTH_20260924
EST-0121,EST-0121-T1,2026-07-31,2026-12-15,3,3C,14.51,0,97.62,10.29,16.77,16,15,1,deserta,holdout,synthetic_scientific,BLENKIR_V6_SYNTH_20260924
EST-0121,EST-0121-T2,2026-09-21,2026-12-15,3,3C,13.34,0,95.23,9.86,17.28,17,15,1,deserta,holdout,synthetic_scientific,BLENKIR_V6_SYNTH_20260924
EST-0122,EST-0122-T1,2026-07-31,2026-12-15,3,3C,14.29,0,98.16,10.59,13.88,14,13,1,deserta,train,synthetic_scientific,BLENKIR_V6_SYNTH_20260924
EST-0122,EST-0122-T2,2026-09-21,2026-12-15,3,3C,13.36,0,92.01,8.93,15.67,14,12,1,deserta,train,synthetic_scientific,BLENKIR_V6_SYNTH_20260924
EST-0123,EST-0123-T1,2026-07-31,2026-12-15,3,3C,15.17,0,90.55,6.71,11.51,18,9,1,deserta,train,synthetic_scientific,BLENKIR_V6_SYNTH_20260924
EST-0123,EST-0123-T2,2026-09-21,2026-12-15,3,3C,14.19,0,87.16,7.24,13.18,15,10,1,deserta,train,synthetic_scientific,BLENKIR_V6_SYNTH_20260924
EST-0124,EST-0124-T1,2026-07-31,2026-12-15,3,3C,16.31,0,99.5,7.75,14.23,18,9,0,permanece,train,synthetic_scientific,BLENKIR_V6_SYNTH_20260924
EST-0124,EST-0124-T2,2026-09-21,2026-12-15,3,3C,15.95,0,96.32,7.59,15.42,16,9,0,permanece,train,synthetic_scientific,BLENKIR_V6_SYNTH_20260924
EST-0125,EST-0125-T1,2026-07-31,2026-12-15,3,3C,14.97,0,89.6,9.26,14.34,13,12,0,permanece,validation,synthetic_scientific,BLENKIR_V6_SYNTH_20260924
EST-0125,EST-0125-T2,2026-09-21,2026-12-15,3,3C,15.14,0,93.35,7.98,11.56,13,12,0,permanece,validation,synthetic_scientific,BLENKIR_V6_SYNTH_20260924
EST-0127,EST-0127-T1,2026-07-31,2026-12-15,3,3C,14.24,0,88.97,10.7,15.82,12,8,1,deserta,train,synthetic_scientific,BLENKIR_V6_SYNTH_20260924
EST-0127,EST-0127-T2,2026-09-21,2026-12-15,3,3C,14.41,0,89.53,7.91,16.12,15,10,1,deserta,train,synthetic_scientific,BLENKIR_V6_SYNTH_20260924
EST-0128,EST-0128-T1,2026-07-31,2026-12-15,3,3D,17.38,0,93.54,6.87,17.92,17,14,0,permanece,train,synthetic_scientific,BLENKIR_V6_SYNTH_20260924
EST-0128,EST-0128-T2,2026-09-21,2026-12-15,3,3D,16.99,0,97.14,7.55,17.19,16,14,0,permanece,train,synthetic_scientific,BLENKIR_V6_SYNTH_20260924
EST-0129,EST-0129-T1,2026-07-31,2026-12-15,3,3D,12.09,0,88.7,9.57,16.31,14,14,0,permanece,train,synthetic_scientific,BLENKIR_V6_SYNTH_20260924
EST-0129,EST-0129-T2,2026-09-21,2026-12-15,3,3D,11.46,1,87.46,9.83,18.25,15,13,0,permanece,train,synthetic_scientific,BLENKIR_V6_SYNTH_20260924
EST-0130,EST-0130-T1,2026-07-31,2026-12-15,3,3D,17.19,0,94.37,8.01,9.86,14,8,0,permanece,holdout,synthetic_scientific,BLENKIR_V6_SYNTH_20260924
EST-0130,EST-0130-T2,2026-09-21,2026-12-15,3,3D,17.28,0,91.43,7.45,12.98,14,8,0,permanece,holdout,synthetic_scientific,BLENKIR_V6_SYNTH_20260924
EST-0131,EST-0131-T1,2026-07-31,2026-12-15,3,3D,17.38,0,88.59,8.54,14.92,10,16,0,permanece,train,synthetic_scientific,BLENKIR_V6_SYNTH_20260924
EST-0131,EST-0131-T2,2026-09-21,2026-12-15,3,3D,16.92,0,88.01,7.08,14.29,12,13,0,permanece,train,synthetic_scientific,BLENKIR_V6_SYNTH_20260924
EST-0132,EST-0132-T1,2026-07-31,2026-12-15,3,3D,13.94,0,79.69,5.47,13.68,14,11,1,deserta,train,synthetic_scientific,BLENKIR_V6_SYNTH_20260924
EST-0132,EST-0132-T2,2026-09-21,2026-12-15,3,3D,14.12,0,76.85,6.25,12.52,13,10,1,deserta,train,synthetic_scientific,BLENKIR_V6_SYNTH_20260924
EST-0133,EST-0133-T1,2026-07-31,2026-12-15,3,3D,16.04,0,86.87,8.62,18.17,15,13,0,permanece,train,synthetic_scientific,BLENKIR_V6_SYNTH_20260924
EST-0133,EST-0133-T2,2026-09-21,2026-12-15,3,3D,15.46,0,86.99,9.16,17.2,16,13,0,permanece,train,synthetic_scientific,BLENKIR_V6_SYNTH_20260924
EST-0134,EST-0134-T1,2026-07-31,2026-12-15,3,3D,13.62,0,93.12,5.06,5.79,8,6,0,permanece,validation,synthetic_scientific,BLENKIR_V6_SYNTH_20260924
EST-0134,EST-0134-T2,2026-09-21,2026-12-15,3,3D,13.47,0,89.4,3.68,6.4,9,5,0,permanece,validation,synthetic_scientific,BLENKIR_V6_SYNTH_20260924
EST-0135,EST-0135-T1,2026-07-31,2026-12-15,3,3D,15.9,1,92.58,9.94,16.91,16,12,0,permanece,train,synthetic_scientific,BLENKIR_V6_SYNTH_20260924
EST-0135,EST-0135-T2,2026-09-21,2026-12-15,3,3D,15.99,0,91.67,7.6,13.61,15,12,0,permanece,train,synthetic_scientific,BLENKIR_V6_SYNTH_20260924
EST-0136,EST-0136-T1,2026-07-31,2026-12-15,3,3D,15.48,0,91.51,7.89,20.45,14,11,0,permanece,validation,synthetic_scientific,BLENKIR_V6_SYNTH_20260924
EST-0136,EST-0136-T2,2026-09-21,2026-12-15,3,3D,14.78,0,91.57,8.21,17.78,14,11,0,permanece,validation,synthetic_scientific,BLENKIR_V6_SYNTH_20260924
EST-0138,EST-0138-T1,2026-07-31,2026-12-15,3,3D,13.92,0,93.79,7.07,17.65,16,11,0,permanece,train,synthetic_scientific,BLENKIR_V6_SYNTH_20260924
EST-0138,EST-0138-T2,2026-09-21,2026-12-15,3,3D,13.2,0,91.92,7.79,17.15,17,10,0,permanece,train,synthetic_scientific,BLENKIR_V6_SYNTH_20260924
EST-0139,EST-0139-T1,2026-07-31,2026-12-15,4,4A,14.17,0,92.74,8.82,20.29,20,9,0,permanece,holdout,synthetic_scientific,BLENKIR_V6_SYNTH_20260924
EST-0139,EST-0139-T2,2026-09-21,2026-12-15,4,4A,14.12,0,94.93,7.99,15.16,16,10,0,permanece,holdout,synthetic_scientific,BLENKIR_V6_SYNTH_20260924
EST-0140,EST-0140-T1,2026-07-31,2026-12-15,4,4A,14.56,0,93.84,6.58,14.14,15,8,0,permanece,validation,synthetic_scientific,BLENKIR_V6_SYNTH_20260924
EST-0140,EST-0140-T2,2026-09-21,2026-12-15,4,4A,15.79,0,96.79,7.27,13.09,16,9,0,permanece,validation,synthetic_scientific,BLENKIR_V6_SYNTH_20260924
EST-0141,EST-0141-T1,2026-07-31,2026-12-15,4,4A,17.69,0,96.7,5.87,17.22,18,9,0,permanece,train,synthetic_scientific,BLENKIR_V6_SYNTH_20260924
EST-0141,EST-0141-T2,2026-09-21,2026-12-15,4,4A,17.68,0,98.8,6.39,13.28,15,10,0,permanece,train,synthetic_scientific,BLENKIR_V6_SYNTH_20260924
EST-0142,EST-0142-T1,2026-07-31,2026-12-15,4,4A,15.7,0,91.88,8.14,17.58,14,12,1,deserta,validation,synthetic_scientific,BLENKIR_V6_SYNTH_20260924
EST-0142,EST-0142-T2,2026-09-21,2026-12-15,4,4A,14.48,0,92.79,8.37,16.26,15,13,1,deserta,validation,synthetic_scientific,BLENKIR_V6_SYNTH_20260924
EST-0143,EST-0143-T1,2026-07-31,2026-12-15,4,4A,15.24,0,98.16,9.76,22.46,19,15,0,permanece,train,synthetic_scientific,BLENKIR_V6_SYNTH_20260924
EST-0143,EST-0143-T2,2026-09-21,2026-12-15,4,4A,14.63,0,99.5,10.19,20.75,16,15,0,permanece,train,synthetic_scientific,BLENKIR_V6_SYNTH_20260924
EST-0144,EST-0144-T1,2026-07-31,2026-12-15,4,4A,14.29,0,96.85,6.8,12.01,17,9,0,permanece,train,synthetic_scientific,BLENKIR_V6_SYNTH_20260924
EST-0144,EST-0144-T2,2026-09-21,2026-12-15,4,4A,13.59,0,92.74,6.27,13.2,15,10,0,permanece,train,synthetic_scientific,BLENKIR_V6_SYNTH_20260924
EST-0145,EST-0145-T1,2026-07-31,2026-12-15,4,4A,13.68,0,91.69,8.37,19.9,17,11,0,permanece,validation,synthetic_scientific,BLENKIR_V6_SYNTH_20260924
EST-0145,EST-0145-T2,2026-09-21,2026-12-15,4,4A,14.08,0,90.77,8.75,19.79,15,13,0,permanece,validation,synthetic_scientific,BLENKIR_V6_SYNTH_20260924
EST-0146,EST-0146-T1,2026-07-31,2026-12-15,4,4A,17.41,0,95.17,8.55,12.48,12,9,0,permanece,holdout,synthetic_scientific,BLENKIR_V6_SYNTH_20260924
EST-0146,EST-0146-T2,2026-09-21,2026-12-15,4,4A,17.48,0,96.41,7.7,12.6,13,10,0,permanece,holdout,synthetic_scientific,BLENKIR_V6_SYNTH_20260924
EST-0147,EST-0147-T1,2026-07-31,2026-12-15,4,4A,16.82,0,91.08,6.7,12.69,13,11,1,deserta,validation,synthetic_scientific,BLENKIR_V6_SYNTH_20260924
EST-0147,EST-0147-T2,2026-09-21,2026-12-15,4,4A,16.59,0,86.01,7.04,13.3,14,9,1,deserta,validation,synthetic_scientific,BLENKIR_V6_SYNTH_20260924
EST-0149,EST-0149-T1,2026-07-31,2026-12-15,4,4A,15.03,0,96.89,9.89,18.21,20,12,0,permanece,train,synthetic_scientific,BLENKIR_V6_SYNTH_20260924
EST-0149,EST-0149-T2,2026-09-21,2026-12-15,4,4A,14.62,0,93.57,10.11,20.83,19,13,0,permanece,train,synthetic_scientific,BLENKIR_V6_SYNTH_20260924
EST-0150,EST-0150-T1,2026-07-31,2026-12-15,4,4A,15.77,0,90.28,6.64,12.96,14,9,0,permanece,validation,synthetic_scientific,BLENKIR_V6_SYNTH_20260924
EST-0150,EST-0150-T2,2026-09-21,2026-12-15,4,4A,14.81,0,91.25,6.75,12.43,13,9,0,permanece,validation,synthetic_scientific,BLENKIR_V6_SYNTH_20260924
EST-0151,EST-0151-T1,2026-07-31,2026-12-15,4,4B,18.5,0,93.4,9.11,23.57,18,16,0,permanece,train,synthetic_scientific,BLENKIR_V6_SYNTH_20260924
EST-0151,EST-0151-T2,2026-09-21,2026-12-15,4,4B,17.86,0,91.71,9.87,21.19,16,15,0,permanece,train,synthetic_scientific,BLENKIR_V6_SYNTH_20260924
EST-0152,EST-0152-T1,2026-07-31,2026-12-15,4,4B,16.3,0,95.04,10.26,17.61,18,14,0,permanece,train,synthetic_scientific,BLENKIR_V6_SYNTH_20260924
EST-0152,EST-0152-T2,2026-09-21,2026-12-15,4,4B,16.39,0,94.73,9.68,17.51,16,14,0,permanece,train,synthetic_scientific,BLENKIR_V6_SYNTH_20260924
EST-0153,EST-0153-T1,2026-07-31,2026-12-15,4,4B,16.75,0,98.91,7.95,14.68,14,14,0,permanece,validation,synthetic_scientific,BLENKIR_V6_SYNTH_20260924
EST-0153,EST-0153-T2,2026-09-21,2026-12-15,4,4B,16.68,0,99.5,8.01,14.23,13,13,0,permanece,validation,synthetic_scientific,BLENKIR_V6_SYNTH_20260924
EST-0154,EST-0154-T1,2026-07-31,2026-12-15,4,4B,15.73,0,98.95,9.11,19.57,16,13,0,permanece,holdout,synthetic_scientific,BLENKIR_V6_SYNTH_20260924
EST-0154,EST-0154-T2,2026-09-21,2026-12-15,4,4B,16.11,0,97.51,8.89,19.21,16,12,0,permanece,holdout,synthetic_scientific,BLENKIR_V6_SYNTH_20260924
EST-0155,EST-0155-T1,2026-07-31,2026-12-15,4,4B,13.33,0,87.31,11.83,15.01,19,15,0,permanece,train,synthetic_scientific,BLENKIR_V6_SYNTH_20260924
EST-0155,EST-0155-T2,2026-09-21,2026-12-15,4,4B,12.84,0,88.23,10.46,19.2,18,14,0,permanece,train,synthetic_scientific,BLENKIR_V6_SYNTH_20260924
EST-0156,EST-0156-T1,2026-07-31,2026-12-15,4,4B,16.81,0,94.44,11.46,19.39,17,11,0,permanece,train,synthetic_scientific,BLENKIR_V6_SYNTH_20260924
EST-0156,EST-0156-T2,2026-09-21,2026-12-15,4,4B,16.08,0,93.79,10.72,21.31,19,13,0,permanece,train,synthetic_scientific,BLENKIR_V6_SYNTH_20260924
EST-0157,EST-0157-T1,2026-07-31,2026-12-15,4,4B,15.92,0,99.5,8.13,13.8,15,13,0,permanece,train,synthetic_scientific,BLENKIR_V6_SYNTH_20260924
EST-0157,EST-0157-T2,2026-09-21,2026-12-15,4,4B,16.57,0,99.5,6.78,14.17,14,12,0,permanece,train,synthetic_scientific,BLENKIR_V6_SYNTH_20260924
EST-0158,EST-0158-T1,2026-07-31,2026-12-15,4,4B,17.27,0,90.37,8.29,16.03,19,14,0,permanece,holdout,synthetic_scientific,BLENKIR_V6_SYNTH_20260924
EST-0158,EST-0158-T2,2026-09-21,2026-12-15,4,4B,17.44,0,93.02,8.33,15.78,17,14,0,permanece,holdout,synthetic_scientific,BLENKIR_V6_SYNTH_20260924
EST-0160,EST-0160-T1,2026-07-31,2026-12-15,4,4B,12.14,0,96.77,9.07,15.36,21,14,0,permanece,train,synthetic_scientific,BLENKIR_V6_SYNTH_20260924
EST-0160,EST-0160-T2,2026-09-21,2026-12-15,4,4B,12.04,0,92.87,8.45,14.94,17,13,0,permanece,train,synthetic_scientific,BLENKIR_V6_SYNTH_20260924
EST-0161,EST-0161-T1,2026-07-31,2026-12-15,4,4B,17.45,0,91.76,8.21,15.36,11,11,0,permanece,train,synthetic_scientific,BLENKIR_V6_SYNTH_20260924
EST-0161,EST-0161-T2,2026-09-21,2026-12-15,4,4B,16.5,0,91.07,6.58,13.74,12,9,0,permanece,train,synthetic_scientific,BLENKIR_V6_SYNTH_20260924
EST-0162,EST-0162-T1,2026-07-31,2026-12-15,4,4B,12.77,0,90.45,5.97,9.11,10,8,1,deserta,train,synthetic_scientific,BLENKIR_V6_SYNTH_20260924
EST-0162,EST-0162-T2,2026-09-21,2026-12-15,4,4B,10.85,1,87.71,4.31,9.66,9,7,1,deserta,train,synthetic_scientific,BLENKIR_V6_SYNTH_20260924
EST-0163,EST-0163-T1,2026-07-31,2026-12-15,4,4C,16.0,0,97.87,8.3,19.46,15,11,1,deserta,train,synthetic_scientific,BLENKIR_V6_SYNTH_20260924
EST-0163,EST-0163-T2,2026-09-21,2026-12-15,4,4C,15.18,0,96.48,6.83,14.85,15,11,1,deserta,train,synthetic_scientific,BLENKIR_V6_SYNTH_20260924
EST-0164,EST-0164-T1,2026-07-31,2026-12-15,4,4C,16.04,0,87.08,8.31,13.24,15,9,0,permanece,train,synthetic_scientific,BLENKIR_V6_SYNTH_20260924
EST-0164,EST-0164-T2,2026-09-21,2026-12-15,4,4C,16.4,0,88.47,7.55,10.72,15,12,0,permanece,train,synthetic_scientific,BLENKIR_V6_SYNTH_20260924
EST-0165,EST-0165-T1,2026-07-31,2026-12-15,4,4C,15.23,0,95.45,8.04,18.78,17,12,0,permanece,train,synthetic_scientific,BLENKIR_V6_SYNTH_20260924
EST-0165,EST-0165-T2,2026-09-21,2026-12-15,4,4C,14.99,0,98.06,9.05,17.21,16,12,0,permanece,train,synthetic_scientific,BLENKIR_V6_SYNTH_20260924
EST-0166,EST-0166-T1,2026-07-31,2026-12-15,4,4C,16.99,0,93.66,5.92,14.33,19,12,0,permanece,train,synthetic_scientific,BLENKIR_V6_SYNTH_20260924
EST-0166,EST-0166-T2,2026-09-21,2026-12-15,4,4C,16.97,0,93.48,7.51,14.47,17,12,0,permanece,train,synthetic_scientific,BLENKIR_V6_SYNTH_20260924
EST-0167,EST-0167-T1,2026-07-31,2026-12-15,4,4C,16.51,0,89.21,4.5,8.83,10,11,0,permanece,train,synthetic_scientific,BLENKIR_V6_SYNTH_20260924
EST-0167,EST-0167-T2,2026-09-21,2026-12-15,4,4C,14.63,0,88.56,4.36,9.29,11,9,0,permanece,train,synthetic_scientific,BLENKIR_V6_SYNTH_20260924
EST-0168,EST-0168-T1,2026-07-31,2026-12-15,4,4C,15.42,0,99.5,8.26,19.01,16,12,0,permanece,train,synthetic_scientific,BLENKIR_V6_SYNTH_20260924
EST-0168,EST-0168-T2,2026-09-21,2026-12-15,4,4C,14.33,0,99.5,8.38,17.46,16,11,0,permanece,train,synthetic_scientific,BLENKIR_V6_SYNTH_20260924
EST-0169,EST-0169-T1,2026-07-31,2026-12-15,4,4C,20.0,0,99.5,9.85,15.98,21,14,0,permanece,validation,synthetic_scientific,BLENKIR_V6_SYNTH_20260924
EST-0169,EST-0169-T2,2026-09-21,2026-12-15,4,4C,19.5,0,99.44,9.77,18.98,19,14,0,permanece,validation,synthetic_scientific,BLENKIR_V6_SYNTH_20260924
EST-0171,EST-0171-T1,2026-07-31,2026-12-15,4,4C,14.25,0,94.99,5.55,13.11,16,11,0,permanece,validation,synthetic_scientific,BLENKIR_V6_SYNTH_20260924
EST-0171,EST-0171-T2,2026-09-21,2026-12-15,4,4C,14.05,0,94.71,6.96,12.97,16,11,0,permanece,validation,synthetic_scientific,BLENKIR_V6_SYNTH_20260924
EST-0172,EST-0172-T1,2026-07-31,2026-12-15,4,4C,16.24,0,96.53,6.66,14.99,11,12,1,deserta,train,synthetic_scientific,BLENKIR_V6_SYNTH_20260924
EST-0172,EST-0172-T2,2026-09-21,2026-12-15,4,4C,14.73,0,91.97,6.8,12.93,13,11,1,deserta,train,synthetic_scientific,BLENKIR_V6_SYNTH_20260924
EST-0173,EST-0173-T1,2026-07-31,2026-12-15,4,4C,15.06,0,88.71,9.04,18.51,15,10,0,permanece,train,synthetic_scientific,BLENKIR_V6_SYNTH_20260924
EST-0173,EST-0173-T2,2026-09-21,2026-12-15,4,4C,15.24,0,89.0,9.31,18.41,17,11,0,permanece,train,synthetic_scientific,BLENKIR_V6_SYNTH_20260924
EST-0174,EST-0174-T1,2026-07-31,2026-12-15,4,4D,14.34,0,90.28,6.34,12.89,17,9,0,permanece,train,synthetic_scientific,BLENKIR_V6_SYNTH_20260924
EST-0174,EST-0174-T2,2026-09-21,2026-12-15,4,4D,13.45,0,88.1,6.85,11.31,13,9,0,permanece,train,synthetic_scientific,BLENKIR_V6_SYNTH_20260924
EST-0175,EST-0175-T1,2026-07-31,2026-12-15,4,4D,13.67,0,89.3,7.39,16.02,13,12,0,permanece,train,synthetic_scientific,BLENKIR_V6_SYNTH_20260924
EST-0175,EST-0175-T2,2026-09-21,2026-12-15,4,4D,13.55,0,89.97,6.78,15.73,13,11,0,permanece,train,synthetic_scientific,BLENKIR_V6_SYNTH_20260924
EST-0176,EST-0176-T1,2026-07-31,2026-12-15,4,4D,15.95,0,97.82,9.63,18.33,21,13,0,permanece,train,synthetic_scientific,BLENKIR_V6_SYNTH_20260924
EST-0176,EST-0176-T2,2026-09-21,2026-12-15,4,4D,15.61,0,98.36,10.77,20.95,18,14,0,permanece,train,synthetic_scientific,BLENKIR_V6_SYNTH_20260924
EST-0177,EST-0177-T1,2026-07-31,2026-12-15,4,4D,14.25,0,94.93,7.2,18.48,16,12,0,permanece,train,synthetic_scientific,BLENKIR_V6_SYNTH_20260924
EST-0177,EST-0177-T2,2026-09-21,2026-12-15,4,4D,13.6,0,95.42,7.55,16.74,16,11,0,permanece,train,synthetic_scientific,BLENKIR_V6_SYNTH_20260924
EST-0178,EST-0178-T1,2026-07-31,2026-12-15,4,4D,15.73,0,94.75,4.71,9.68,12,10,0,permanece,train,synthetic_scientific,BLENKIR_V6_SYNTH_20260924
EST-0178,EST-0178-T2,2026-09-21,2026-12-15,4,4D,16.53,0,93.25,5.1,12.42,12,10,0,permanece,train,synthetic_scientific,BLENKIR_V6_SYNTH_20260924
EST-0179,EST-0179-T1,2026-07-31,2026-12-15,4,4D,13.83,0,95.87,7.34,12.56,11,10,0,permanece,train,synthetic_scientific,BLENKIR_V6_SYNTH_20260924
EST-0179,EST-0179-T2,2026-09-21,2026-12-15,4,4D,13.71,0,90.77,7.88,12.16,12,9,0,permanece,train,synthetic_scientific,BLENKIR_V6_SYNTH_20260924
EST-0180,EST-0180-T1,2026-07-31,2026-12-15,4,4D,13.27,0,89.78,7.0,13.82,15,8,0,permanece,train,synthetic_scientific,BLENKIR_V6_SYNTH_20260924
EST-0180,EST-0180-T2,2026-09-21,2026-12-15,4,4D,13.71,0,88.02,6.36,13.72,14,9,0,permanece,train,synthetic_scientific,BLENKIR_V6_SYNTH_20260924
EST-0182,EST-0182-T1,2026-07-31,2026-12-15,4,4D,14.22,0,84.81,9.51,16.57,12,13,0,permanece,validation,synthetic_scientific,BLENKIR_V6_SYNTH_20260924
EST-0182,EST-0182-T2,2026-09-21,2026-12-15,4,4D,13.36,0,88.43,8.26,17.53,14,12,0,permanece,validation,synthetic_scientific,BLENKIR_V6_SYNTH_20260924
EST-0183,EST-0183-T1,2026-07-31,2026-12-15,4,4D,15.42,0,92.37,9.68,14.46,13,13,0,permanece,train,synthetic_scientific,BLENKIR_V6_SYNTH_20260924
EST-0183,EST-0183-T2,2026-09-21,2026-12-15,4,4D,14.97,0,94.36,9.85,17.68,16,15,0,permanece,train,synthetic_scientific,BLENKIR_V6_SYNTH_20260924
EST-0184,EST-0184-T1,2026-07-31,2026-12-15,4,4D,15.16,0,99.5,8.31,13.19,15,11,0,permanece,validation,synthetic_scientific,BLENKIR_V6_SYNTH_20260924
EST-0184,EST-0184-T2,2026-09-21,2026-12-15,4,4D,14.98,0,99.09,7.49,15.2,13,11,0,permanece,validation,synthetic_scientific,BLENKIR_V6_SYNTH_20260924
EST-0185,EST-0185-T1,2026-07-31,2026-12-15,5,5A,15.46,0,88.44,7.85,13.62,11,11,1,deserta,validation,synthetic_scientific,BLENKIR_V6_SYNTH_20260924
EST-0185,EST-0185-T2,2026-09-21,2026-12-15,5,5A,14.34,0,88.29,7.86,14.64,12,10,1,deserta,validation,synthetic_scientific,BLENKIR_V6_SYNTH_20260924
EST-0186,EST-0186-T1,2026-07-31,2026-12-15,5,5A,14.94,0,89.45,7.85,9.9,11,10,0,permanece,validation,synthetic_scientific,BLENKIR_V6_SYNTH_20260924
EST-0186,EST-0186-T2,2026-09-21,2026-12-15,5,5A,14.71,0,90.14,7.19,11.16,12,10,0,permanece,validation,synthetic_scientific,BLENKIR_V6_SYNTH_20260924
EST-0187,EST-0187-T1,2026-07-31,2026-12-15,5,5A,14.0,0,91.35,5.79,9.89,12,9,0,permanece,validation,synthetic_scientific,BLENKIR_V6_SYNTH_20260924
EST-0187,EST-0187-T2,2026-09-21,2026-12-15,5,5A,12.48,0,91.39,6.44,11.07,13,9,0,permanece,validation,synthetic_scientific,BLENKIR_V6_SYNTH_20260924
EST-0188,EST-0188-T1,2026-07-31,2026-12-15,5,5A,11.81,0,82.47,7.48,13.74,12,11,0,permanece,train,synthetic_scientific,BLENKIR_V6_SYNTH_20260924
EST-0188,EST-0188-T2,2026-09-21,2026-12-15,5,5A,11.89,0,84.29,6.59,13.05,12,11,0,permanece,train,synthetic_scientific,BLENKIR_V6_SYNTH_20260924
EST-0189,EST-0189-T1,2026-07-31,2026-12-15,5,5A,14.6,0,95.22,9.29,17.09,16,10,0,permanece,train,synthetic_scientific,BLENKIR_V6_SYNTH_20260924
EST-0189,EST-0189-T2,2026-09-21,2026-12-15,5,5A,13.6,0,91.71,8.42,16.24,16,10,0,permanece,train,synthetic_scientific,BLENKIR_V6_SYNTH_20260924
EST-0190,EST-0190-T1,2026-07-31,2026-12-15,5,5A,14.12,0,97.15,9.13,16.69,17,11,0,permanece,validation,synthetic_scientific,BLENKIR_V6_SYNTH_20260924
EST-0190,EST-0190-T2,2026-09-21,2026-12-15,5,5A,14.55,0,97.69,9.25,18.42,16,13,0,permanece,validation,synthetic_scientific,BLENKIR_V6_SYNTH_20260924
EST-0191,EST-0191-T1,2026-07-31,2026-12-15,5,5A,16.4,0,94.58,10.29,12.5,14,13,0,permanece,train,synthetic_scientific,BLENKIR_V6_SYNTH_20260924
EST-0191,EST-0191-T2,2026-09-21,2026-12-15,5,5A,16.82,0,93.16,8.23,15.37,16,12,0,permanece,train,synthetic_scientific,BLENKIR_V6_SYNTH_20260924
EST-0193,EST-0193-T1,2026-07-31,2026-12-15,5,5A,14.7,0,99.5,7.95,12.68,18,11,0,permanece,holdout,synthetic_scientific,BLENKIR_V6_SYNTH_20260924
EST-0193,EST-0193-T2,2026-09-21,2026-12-15,5,5A,14.84,0,97.76,7.9,14.26,16,10,0,permanece,holdout,synthetic_scientific,BLENKIR_V6_SYNTH_20260924
EST-0194,EST-0194-T1,2026-07-31,2026-12-15,5,5A,12.96,0,87.85,10.97,16.44,14,11,1,deserta,train,synthetic_scientific,BLENKIR_V6_SYNTH_20260924
EST-0194,EST-0194-T2,2026-09-21,2026-12-15,5,5A,14.28,0,86.82,9.48,16.16,15,11,1,deserta,train,synthetic_scientific,BLENKIR_V6_SYNTH_20260924
EST-0195,EST-0195-T1,2026-07-31,2026-12-15,5,5A,14.5,0,93.55,7.29,14.84,13,8,0,permanece,train,synthetic_scientific,BLENKIR_V6_SYNTH_20260924
EST-0195,EST-0195-T2,2026-09-21,2026-12-15,5,5A,14.75,0,92.96,7.33,14.35,14,9,0,permanece,train,synthetic_scientific,BLENKIR_V6_SYNTH_20260924
EST-0196,EST-0196-T1,2026-07-31,2026-12-15,5,5B,13.27,0,97.53,5.23,14.11,15,12,0,permanece,holdout,synthetic_scientific,BLENKIR_V6_SYNTH_20260924
EST-0196,EST-0196-T2,2026-09-21,2026-12-15,5,5B,13.12,0,94.08,6.45,13.9,14,13,0,permanece,holdout,synthetic_scientific,BLENKIR_V6_SYNTH_20260924
EST-0197,EST-0197-T1,2026-07-31,2026-12-15,5,5B,14.53,0,95.16,7.11,15.24,13,8,0,permanece,train,synthetic_scientific,BLENKIR_V6_SYNTH_20260924
EST-0197,EST-0197-T2,2026-09-21,2026-12-15,5,5B,14.32,0,90.5,7.23,14.19,16,10,0,permanece,train,synthetic_scientific,BLENKIR_V6_SYNTH_20260924
EST-0198,EST-0198-T1,2026-07-31,2026-12-15,5,5B,15.26,0,90.14,5.43,14.91,12,8,0,permanece,train,synthetic_scientific,BLENKIR_V6_SYNTH_20260924
EST-0198,EST-0198-T2,2026-09-21,2026-12-15,5,5B,13.44,0,89.91,4.18,10.01,10,8,0,permanece,train,synthetic_scientific,BLENKIR_V6_SYNTH_20260924
EST-0199,EST-0199-T1,2026-07-31,2026-12-15,5,5B,14.76,0,92.33,4.87,11.52,11,10,0,permanece,train,synthetic_scientific,BLENKIR_V6_SYNTH_20260924
EST-0199,EST-0199-T2,2026-09-21,2026-12-15,5,5B,14.24,0,93.53,5.33,12.0,11,10,0,permanece,train,synthetic_scientific,BLENKIR_V6_SYNTH_20260924
EST-0200,EST-0200-T1,2026-07-31,2026-12-15,5,5B,17.78,1,92.08,9.48,17.89,17,13,0,permanece,train,synthetic_scientific,BLENKIR_V6_SYNTH_20260924
EST-0200,EST-0200-T2,2026-09-21,2026-12-15,5,5B,17.52,0,91.76,7.73,14.67,17,14,0,permanece,train,synthetic_scientific,BLENKIR_V6_SYNTH_20260924
EST-0201,EST-0201-T1,2026-07-31,2026-12-15,5,5B,14.63,0,95.22,9.24,16.73,12,12,1,deserta,train,synthetic_scientific,BLENKIR_V6_SYNTH_20260924
EST-0201,EST-0201-T2,2026-09-21,2026-12-15,5,5B,14.65,0,93.61,8.61,16.1,14,11,1,deserta,train,synthetic_scientific,BLENKIR_V6_SYNTH_20260924
EST-0202,EST-0202-T1,2026-07-31,2026-12-15,5,5B,18.35,0,95.8,9.79,16.58,14,12,0,permanece,holdout,synthetic_scientific,BLENKIR_V6_SYNTH_20260924
EST-0202,EST-0202-T2,2026-09-21,2026-12-15,5,5B,17.99,0,94.94,9.3,20.85,16,12,0,permanece,holdout,synthetic_scientific,BLENKIR_V6_SYNTH_20260924
EST-0204,EST-0204-T1,2026-07-31,2026-12-15,5,5B,18.21,0,98.28,9.78,18.32,14,11,0,permanece,holdout,synthetic_scientific,BLENKIR_V6_SYNTH_20260924
EST-0204,EST-0204-T2,2026-09-21,2026-12-15,5,5B,16.72,0,94.82,9.17,17.27,14,11,0,permanece,holdout,synthetic_scientific,BLENKIR_V6_SYNTH_20260924
EST-0205,EST-0205-T1,2026-07-31,2026-12-15,5,5B,14.31,0,92.97,6.49,17.95,9,11,0,permanece,train,synthetic_scientific,BLENKIR_V6_SYNTH_20260924
EST-0205,EST-0205-T2,2026-09-21,2026-12-15,5,5B,14.78,0,93.31,5.75,13.9,11,11,0,permanece,train,synthetic_scientific,BLENKIR_V6_SYNTH_20260924
EST-0206,EST-0206-T1,2026-07-31,2026-12-15,5,5B,17.42,0,85.78,6.52,13.63,13,7,1,deserta,train,synthetic_scientific,BLENKIR_V6_SYNTH_20260924
EST-0206,EST-0206-T2,2026-09-21,2026-12-15,5,5B,17.61,0,88.68,7.02,13.17,13,8,1,deserta,train,synthetic_scientific,BLENKIR_V6_SYNTH_20260924
EST-0207,EST-0207-T1,2026-07-31,2026-12-15,5,5C,16.72,0,90.05,5.08,11.24,14,9,0,permanece,train,synthetic_scientific,BLENKIR_V6_SYNTH_20260924
EST-0207,EST-0207-T2,2026-09-21,2026-12-15,5,5C,14.92,0,90.4,4.84,8.77,12,7,0,permanece,train,synthetic_scientific,BLENKIR_V6_SYNTH_20260924
EST-0208,EST-0208-T1,2026-07-31,2026-12-15,5,5C,14.2,0,95.8,6.74,13.17,14,9,0,permanece,holdout,synthetic_scientific,BLENKIR_V6_SYNTH_20260924
EST-0208,EST-0208-T2,2026-09-21,2026-12-15,5,5C,14.79,0,99.5,6.3,12.88,14,10,0,permanece,holdout,synthetic_scientific,BLENKIR_V6_SYNTH_20260924
EST-0209,EST-0209-T1,2026-07-31,2026-12-15,5,5C,16.57,0,91.55,7.83,16.97,18,13,1,deserta,train,synthetic_scientific,BLENKIR_V6_SYNTH_20260924
EST-0209,EST-0209-T2,2026-09-21,2026-12-15,5,5C,16.06,0,92.72,9.02,16.19,17,13,1,deserta,train,synthetic_scientific,BLENKIR_V6_SYNTH_20260924
EST-0210,EST-0210-T1,2026-07-31,2026-12-15,5,5C,15.63,0,96.51,11.55,17.13,21,13,0,permanece,train,synthetic_scientific,BLENKIR_V6_SYNTH_20260924
EST-0210,EST-0210-T2,2026-09-21,2026-12-15,5,5C,15.05,0,97.73,10.67,18.29,19,13,0,permanece,train,synthetic_scientific,BLENKIR_V6_SYNTH_20260924
EST-0211,EST-0211-T1,2026-07-31,2026-12-15,5,5C,13.11,0,89.38,8.0,17.51,13,15,1,deserta,train,synthetic_scientific,BLENKIR_V6_SYNTH_20260924
EST-0211,EST-0211-T2,2026-09-21,2026-12-15,5,5C,11.95,1,84.93,8.42,17.03,14,13,1,deserta,train,synthetic_scientific,BLENKIR_V6_SYNTH_20260924
EST-0212,EST-0212-T1,2026-07-31,2026-12-15,5,5C,12.38,0,99.5,6.1,14.91,20,11,0,permanece,train,synthetic_scientific,BLENKIR_V6_SYNTH_20260924
EST-0212,EST-0212-T2,2026-09-21,2026-12-15,5,5C,11.89,0,97.54,6.01,13.79,14,11,0,permanece,train,synthetic_scientific,BLENKIR_V6_SYNTH_20260924
EST-0213,EST-0213-T1,2026-07-31,2026-12-15,5,5C,17.44,0,91.63,8.46,16.72,19,10,0,permanece,train,synthetic_scientific,BLENKIR_V6_SYNTH_20260924
EST-0213,EST-0213-T2,2026-09-21,2026-12-15,5,5C,16.89,0,89.28,8.11,16.13,16,10,0,permanece,train,synthetic_scientific,BLENKIR_V6_SYNTH_20260924
EST-0215,EST-0215-T1,2026-07-31,2026-12-15,5,5C,16.57,0,96.97,9.21,18.92,14,13,0,permanece,train,synthetic_scientific,BLENKIR_V6_SYNTH_20260924
EST-0215,EST-0215-T2,2026-09-21,2026-12-15,5,5C,15.45,0,97.71,9.21,15.65,15,12,0,permanece,train,synthetic_scientific,BLENKIR_V6_SYNTH_20260924
EST-0216,EST-0216-T1,2026-07-31,2026-12-15,5,5C,14.8,0,94.09,7.37,16.69,17,11,0,permanece,train,synthetic_scientific,BLENKIR_V6_SYNTH_20260924
EST-0216,EST-0216-T2,2026-09-21,2026-12-15,5,5C,15.43,0,94.27,8.24,17.58,16,11,0,permanece,train,synthetic_scientific,BLENKIR_V6_SYNTH_20260924
EST-0217,EST-0217-T1,2026-07-31,2026-12-15,5,5C,15.35,1,99.5,6.48,16.24,15,14,0,permanece,train,synthetic_scientific,BLENKIR_V6_SYNTH_20260924
EST-0217,EST-0217-T2,2026-09-21,2026-12-15,5,5C,15.27,0,98.86,7.49,16.03,16,14,0,permanece,train,synthetic_scientific,BLENKIR_V6_SYNTH_20260924
EST-0218,EST-0218-T1,2026-07-31,2026-12-15,6,6A,16.47,0,94.37,7.1,18.35,17,11,0,permanece,train,synthetic_scientific,BLENKIR_V6_SYNTH_20260924
EST-0218,EST-0218-T2,2026-09-21,2026-12-15,6,6A,15.88,0,91.41,7.75,16.42,14,13,0,permanece,train,synthetic_scientific,BLENKIR_V6_SYNTH_20260924
EST-0219,EST-0219-T1,2026-07-31,2026-12-15,6,6A,13.78,0,99.5,5.49,14.57,13,10,0,permanece,train,synthetic_scientific,BLENKIR_V6_SYNTH_20260924
EST-0219,EST-0219-T2,2026-09-21,2026-12-15,6,6A,13.23,0,95.93,6.71,11.59,13,8,0,permanece,train,synthetic_scientific,BLENKIR_V6_SYNTH_20260924
EST-0220,EST-0220-T1,2026-07-31,2026-12-15,6,6A,10.56,1,88.0,9.24,13.08,19,12,1,deserta,train,synthetic_scientific,BLENKIR_V6_SYNTH_20260924
EST-0220,EST-0220-T2,2026-09-21,2026-12-15,6,6A,10.19,1,88.42,7.63,13.99,16,11,1,deserta,train,synthetic_scientific,BLENKIR_V6_SYNTH_20260924
EST-0221,EST-0221-T1,2026-07-31,2026-12-15,6,6A,15.65,0,95.22,6.55,16.28,14,9,0,permanece,train,synthetic_scientific,BLENKIR_V6_SYNTH_20260924
EST-0221,EST-0221-T2,2026-09-21,2026-12-15,6,6A,15.79,0,93.3,7.29,15.92,14,12,0,permanece,train,synthetic_scientific,BLENKIR_V6_SYNTH_20260924
EST-0222,EST-0222-T1,2026-07-31,2026-12-15,6,6A,16.97,0,86.62,5.44,16.3,13,11,0,permanece,train,synthetic_scientific,BLENKIR_V6_SYNTH_20260924
EST-0222,EST-0222-T2,2026-09-21,2026-12-15,6,6A,17.11,0,86.7,7.24,12.89,12,11,0,permanece,train,synthetic_scientific,BLENKIR_V6_SYNTH_20260924
EST-0223,EST-0223-T1,2026-07-31,2026-12-15,6,6A,15.76,0,99.5,8.77,14.11,15,14,0,permanece,train,synthetic_scientific,BLENKIR_V6_SYNTH_20260924
EST-0223,EST-0223-T2,2026-09-21,2026-12-15,6,6A,16.57,0,97.41,8.16,14.14,15,13,0,permanece,train,synthetic_scientific,BLENKIR_V6_SYNTH_20260924
EST-0224,EST-0224-T1,2026-07-31,2026-12-15,6,6A,14.46,0,91.69,7.97,14.66,17,10,0,permanece,train,synthetic_scientific,BLENKIR_V6_SYNTH_20260924
EST-0224,EST-0224-T2,2026-09-21,2026-12-15,6,6A,13.18,0,92.43,6.94,15.9,16,10,0,permanece,train,synthetic_scientific,BLENKIR_V6_SYNTH_20260924
EST-0226,EST-0226-T1,2026-07-31,2026-12-15,6,6A,14.92,0,96.53,6.66,7.31,8,9,0,permanece,validation,synthetic_scientific,BLENKIR_V6_SYNTH_20260924
EST-0226,EST-0226-T2,2026-09-21,2026-12-15,6,6A,13.85,0,96.73,6.38,8.62,10,8,0,permanece,validation,synthetic_scientific,BLENKIR_V6_SYNTH_20260924
EST-0227,EST-0227-T1,2026-07-31,2026-12-15,6,6A,19.29,0,99.5,8.85,13.35,16,13,0,permanece,holdout,synthetic_scientific,BLENKIR_V6_SYNTH_20260924
EST-0227,EST-0227-T2,2026-09-21,2026-12-15,6,6A,18.03,0,99.5,8.42,15.31,16,11,0,permanece,holdout,synthetic_scientific,BLENKIR_V6_SYNTH_20260924
EST-0228,EST-0228-T1,2026-07-31,2026-12-15,6,6A,15.55,0,87.88,9.84,14.77,18,11,0,permanece,train,synthetic_scientific,BLENKIR_V6_SYNTH_20260924
EST-0228,EST-0228-T2,2026-09-21,2026-12-15,6,6A,14.57,0,86.23,8.11,15.23,13,11,0,permanece,train,synthetic_scientific,BLENKIR_V6_SYNTH_20260924
EST-0229,EST-0229-T1,2026-07-31,2026-12-15,6,6B,18.09,0,96.42,8.32,16.06,13,14,0,permanece,train,synthetic_scientific,BLENKIR_V6_SYNTH_20260924
EST-0229,EST-0229-T2,2026-09-21,2026-12-15,6,6B,16.26,0,99.35,7.14,14.35,14,13,0,permanece,train,synthetic_scientific,BLENKIR_V6_SYNTH_20260924
EST-0230,EST-0230-T1,2026-07-31,2026-12-15,6,6B,17.13,0,88.88,8.85,16.62,16,12,0,permanece,train,synthetic_scientific,BLENKIR_V6_SYNTH_20260924
EST-0230,EST-0230-T2,2026-09-21,2026-12-15,6,6B,17.45,0,87.8,9.13,16.65,16,11,0,permanece,train,synthetic_scientific,BLENKIR_V6_SYNTH_20260924
EST-0231,EST-0231-T1,2026-07-31,2026-12-15,6,6B,16.97,0,87.97,6.6,16.02,18,12,0,permanece,train,synthetic_scientific,BLENKIR_V6_SYNTH_20260924
EST-0231,EST-0231-T2,2026-09-21,2026-12-15,6,6B,16.09,0,85.94,8.86,17.35,17,13,0,permanece,train,synthetic_scientific,BLENKIR_V6_SYNTH_20260924
EST-0232,EST-0232-T1,2026-07-31,2026-12-15,6,6B,16.54,0,88.36,7.17,11.12,12,12,0,permanece,train,synthetic_scientific,BLENKIR_V6_SYNTH_20260924
EST-0232,EST-0232-T2,2026-09-21,2026-12-15,6,6B,16.27,0,83.69,6.51,11.92,12,10,0,permanece,train,synthetic_scientific,BLENKIR_V6_SYNTH_20260924
EST-0233,EST-0233-T1,2026-07-31,2026-12-15,6,6B,15.45,0,99.2,8.09,14.06,17,13,0,permanece,train,synthetic_scientific,BLENKIR_V6_SYNTH_20260924
EST-0233,EST-0233-T2,2026-09-21,2026-12-15,6,6B,15.22,0,97.25,8.98,15.9,17,11,0,permanece,train,synthetic_scientific,BLENKIR_V6_SYNTH_20260924
EST-0234,EST-0234-T1,2026-07-31,2026-12-15,6,6B,16.53,0,92.81,9.84,16.19,20,11,0,permanece,train,synthetic_scientific,BLENKIR_V6_SYNTH_20260924
EST-0234,EST-0234-T2,2026-09-21,2026-12-15,6,6B,15.82,0,93.79,8.73,17.21,18,11,0,permanece,train,synthetic_scientific,BLENKIR_V6_SYNTH_20260924
EST-0235,EST-0235-T1,2026-07-31,2026-12-15,6,6B,17.12,0,93.05,7.03,18.48,19,10,0,permanece,train,synthetic_scientific,BLENKIR_V6_SYNTH_20260924
EST-0235,EST-0235-T2,2026-09-21,2026-12-15,6,6B,15.54,0,97.23,8.24,18.16,17,12,0,permanece,train,synthetic_scientific,BLENKIR_V6_SYNTH_20260924
EST-0237,EST-0237-T1,2026-07-31,2026-12-15,6,6B,15.23,0,95.58,10.14,15.61,17,13,0,permanece,train,synthetic_scientific,BLENKIR_V6_SYNTH_20260924
EST-0237,EST-0237-T2,2026-09-21,2026-12-15,6,6B,16.63,0,92.95,9.44,15.76,17,14,0,permanece,train,synthetic_scientific,BLENKIR_V6_SYNTH_20260924
EST-0238,EST-0238-T1,2026-07-31,2026-12-15,6,6B,14.14,0,95.57,9.95,17.49,17,17,0,permanece,train,synthetic_scientific,BLENKIR_V6_SYNTH_20260924
EST-0238,EST-0238-T2,2026-09-21,2026-12-15,6,6B,13.86,0,96.51,9.58,18.37,17,16,0,permanece,train,synthetic_scientific,BLENKIR_V6_SYNTH_20260924
EST-0239,EST-0239-T1,2026-07-31,2026-12-15,6,6B,16.0,0,90.31,9.32,14.43,13,8,0,permanece,validation,synthetic_scientific,BLENKIR_V6_SYNTH_20260924
EST-0239,EST-0239-T2,2026-09-21,2026-12-15,6,6B,15.86,0,85.74,8.01,13.11,12,10,0,permanece,validation,synthetic_scientific,BLENKIR_V6_SYNTH_20260924
EST-0240,EST-0240-T1,2026-07-31,2026-12-15,6,6C,16.73,0,98.66,5.81,13.43,14,13,1,deserta,train,synthetic_scientific,BLENKIR_V6_SYNTH_20260924
EST-0240,EST-0240-T2,2026-09-21,2026-12-15,6,6C,16.22,0,99.5,6.08,13.45,12,11,1,deserta,train,synthetic_scientific,BLENKIR_V6_SYNTH_20260924
EST-0241,EST-0241-T1,2026-07-31,2026-12-15,6,6C,17.94,0,97.11,7.81,14.47,14,15,0,permanece,train,synthetic_scientific,BLENKIR_V6_SYNTH_20260924
EST-0241,EST-0241-T2,2026-09-21,2026-12-15,6,6C,17.7,0,97.49,7.82,15.07,15,13,0,permanece,train,synthetic_scientific,BLENKIR_V6_SYNTH_20260924
EST-0242,EST-0242-T1,2026-07-31,2026-12-15,6,6C,15.92,0,97.48,10.8,22.01,15,16,0,permanece,train,synthetic_scientific,BLENKIR_V6_SYNTH_20260924
EST-0242,EST-0242-T2,2026-09-21,2026-12-15,6,6C,15.09,0,94.97,9.91,18.57,15,15,0,permanece,train,synthetic_scientific,BLENKIR_V6_SYNTH_20260924
EST-0243,EST-0243-T1,2026-07-31,2026-12-15,6,6C,17.69,0,94.88,9.94,19.45,17,13,1,deserta,train,synthetic_scientific,BLENKIR_V6_SYNTH_20260924
EST-0243,EST-0243-T2,2026-09-21,2026-12-15,6,6C,16.7,0,93.43,9.82,18.64,17,11,1,deserta,train,synthetic_scientific,BLENKIR_V6_SYNTH_20260924
EST-0244,EST-0244-T1,2026-07-31,2026-12-15,6,6C,13.96,0,91.86,6.85,8.47,17,12,0,permanece,train,synthetic_scientific,BLENKIR_V6_SYNTH_20260924
EST-0244,EST-0244-T2,2026-09-21,2026-12-15,6,6C,14.56,0,95.41,5.83,11.3,15,11,0,permanece,train,synthetic_scientific,BLENKIR_V6_SYNTH_20260924
EST-0245,EST-0245-T1,2026-07-31,2026-12-15,6,6C,15.77,0,99.5,9.11,19.1,18,13,0,permanece,train,synthetic_scientific,BLENKIR_V6_SYNTH_20260924
EST-0245,EST-0245-T2,2026-09-21,2026-12-15,6,6C,15.81,0,99.32,10.08,20.76,17,14,0,permanece,train,synthetic_scientific,BLENKIR_V6_SYNTH_20260924
EST-0246,EST-0246-T1,2026-07-31,2026-12-15,6,6C,16.28,0,99.5,7.61,12.77,13,10,0,permanece,train,synthetic_scientific,BLENKIR_V6_SYNTH_20260924
EST-0246,EST-0246-T2,2026-09-21,2026-12-15,6,6C,15.98,0,98.45,6.46,12.54,11,9,0,permanece,train,synthetic_scientific,BLENKIR_V6_SYNTH_20260924
EST-0248,EST-0248-T1,2026-07-31,2026-12-15,6,6C,14.5,0,92.12,11.29,18.63,19,15,0,permanece,validation,synthetic_scientific,BLENKIR_V6_SYNTH_20260924
EST-0248,EST-0248-T2,2026-09-21,2026-12-15,6,6C,14.46,0,89.94,10.73,20.41,19,15,0,permanece,validation,synthetic_scientific,BLENKIR_V6_SYNTH_20260924
EST-0249,EST-0249-T1,2026-07-31,2026-12-15,6,6C,14.76,0,89.96,5.18,13.18,12,10,0,permanece,train,synthetic_scientific,BLENKIR_V6_SYNTH_20260924
EST-0249,EST-0249-T2,2026-09-21,2026-12-15,6,6C,14.35,0,89.22,5.15,10.52,11,10,0,permanece,train,synthetic_scientific,BLENKIR_V6_SYNTH_20260924
EST-0250,EST-0250-T1,2026-07-31,2026-12-15,6,6C,17.12,0,92.35,2.08,6.75,8,5,0,permanece,train,synthetic_scientific,BLENKIR_V6_SYNTH_20260924
EST-0250,EST-0250-T2,2026-09-21,2026-12-15,6,6C,16.97,0,91.55,3.82,6.38,10,5,0,permanece,train,synthetic_scientific,BLENKIR_V6_SYNTH_20260924
